method,seed,epoch,timesteps,ppo_updates,optimizer_steps,learning_rate,train_success_rate,mean_score,std_score,success_rate,failure_rate,mean_cycles,median_cycles,std_cycles,mean_cycles_success,invalid_action_rate,epoch_seconds,elapsed_seconds
CNN-PPO,0,1.0,8192.0,16.0,1024.0,0.00035,0.320855614973262,-35.92699995517731,32.96061848901271,0.05,0.95,24.973333333333333,26.0,6.373326359828821,4.266666666666667,0.8388948211425521,43.499425411224365,43.499428272247314
CNN-PPO,0,2.0,16384.0,32.0,2048.0,0.00035,0.6334012219959266,2.7233334771792093,58.982999676891374,0.2433333333333333,0.7566666666666666,20.95,24.0,9.438970635968028,5.904109589041096,0.4739856801909308,72.11310577392578,116.41440844535828
CNN-PPO,0,3.0,24576.0,48.0,3072.0,0.00035,0.6991150442477876,15.279000129699709,64.25536646116548,0.3333333333333333,0.6666666666666667,19.23333333333333,23.0,10.228011645584992,6.03,0.4672443674176776,62.20306634902954,179.15675163269043
CNN-PPO,0,4.0,32768.0,64.0,4096.0,0.00035,0.6860670194003528,18.34500015497208,63.50752185579069,0.3433333333333333,0.6566666666666667,19.046666666666667,23.0,10.522570450649829,5.504854368932039,0.3745187259362968,44.28057360649109,223.73374795913696
CNN-PPO,0,5.0,40960.0,80.0,5120.0,0.00035,0.7152428810720268,21.420000126361845,67.21014848180513,0.39,0.61,18.1,23.0,10.70436048222094,5.666666666666667,0.4725598526703499,44.17969632148743,268.180038690567
CNN-PPO,0,6.0,49152.0,96.0,6144.0,0.00035,0.7328,40.347000131607054,67.21907723778943,0.5166666666666667,0.4833333333333333,15.903333333333334,14.5,11.09357121139186,5.864516129032258,0.3720394047369524,154.46260476112366,423.1440899372101
CNN-PPO,0,7.0,57344.0,112.0,7168.0,0.00035,0.7703125,34.48833341042201,69.13432836152764,0.4866666666666667,0.5133333333333333,16.09,17.0,10.501836347356909,6.136986301369863,0.4905738553967267,42.7650260925293,466.177992105484
CNN-PPO,0,8.0,65536.0,128.0,8192.0,0.00035,0.7791225416036308,47.33433348814646,64.91495337778218,0.56,0.4399999999999999,14.866666666666667,10.0,10.820145819514428,6.059523809523809,0.2825112107623318,43.02189207077026,509.41220450401306
CNN-PPO,0,9.0,73728.0,144.0,9216.0,0.00035,0.7777777777777778,58.7350000890096,64.36014812416603,0.66,0.3399999999999999,12.993333333333334,9.0,9.628427816742576,6.888888888888889,0.3637762955361724,42.43696880340576,552.1052706241608
CNN-PPO,0,10.0,81920.0,160.0,10240.0,0.00035,0.8598726114649682,71.34666674296061,56.69502694227165,0.7433333333333333,0.2566666666666667,11.17,7.0,9.036284265854706,6.461883408071749,0.250074604595643,43.32926726341248,595.692373752594
CNN-PPO,0,11.0,90112.0,176.0,11264.0,0.00035,0.8744131455399061,76.04400009314219,53.3426632126363,0.7733333333333333,0.2266666666666666,10.373333333333331,7.0,8.40440096351641,6.422413793103448,0.1873393316195372,42.978816986083984,639.0468459129333
CNN-PPO,0,12.0,98304.0,192.0,12288.0,0.00035,0.8992161254199328,76.89033338069916,54.44148481831472,0.7933333333333333,0.2066666666666666,10.606666666666667,7.0,8.470259080387617,6.970588235294118,0.2646134506599623,42.76959156990051,682.0971031188965
CNN-PPO,0,13.0,106496.0,208.0,13312.0,0.00035,0.8952270081490105,75.96500006914138,54.9997375768696,0.7866666666666666,0.2133333333333333,10.61,7.0,8.79381790426282,6.686440677966102,0.2635878102419101,42.48409223556519,724.8439502716064
CNN-PPO,0,14.0,114688.0,224.0,14336.0,0.00035,0.8941441441441441,81.28600004593531,49.82000867267991,0.8166666666666667,0.1833333333333333,9.843333333333334,7.0,8.124374163931371,6.497959183673469,0.170335252285811,44.96009349822998,770.0553784370422
CNN-PPO,0,15.0,122880.0,240.0,15360.0,0.00035,0.8934240362811792,82.29900005896886,48.47517464963285,0.82,0.18,9.52,6.0,8.296360647898572,6.077235772357724,0.1383053221288515,42.85252141952515,813.1701831817627
CNN-PPO,0,16.0,131072.0,256.0,16384.0,0.00035,0.8655256723716381,82.18100007375081,48.21299473141536,0.8166666666666667,0.1833333333333333,9.803333333333333,7.0,8.279572586928762,6.436734693877551,0.1030261815708942,43.19550538063049,856.7504818439484
CNN-PPO,0,17.0,139264.0,272.0,17408.0,0.00035,0.9118279569892472,87.2063333829244,44.20642924367308,0.8633333333333333,0.1366666666666667,9.076666666666666,6.0,7.831397633174355,6.428571428571429,0.1402864487697392,43.1891016960144,900.1850011348724
CNN-PPO,0,18.0,147456.0,288.0,18432.0,0.00035,0.9162357807652534,85.02033336162567,47.37613974818541,0.85,0.15,9.08,6.0,7.728320214207828,6.345098039215686,0.2129221732745961,41.1955783367157,941.663915157318
CNN-PPO,0,19.0,155648.0,304.0,19456.0,0.00035,0.934873949579832,88.04066668669383,45.08736050617285,0.8766666666666667,0.1233333333333333,8.73,6.0,7.700893887508558,6.319391634980988,0.2252768232149675,42.65703320503235,984.5384747982024
CNN-PPO,0,20.0,163840.0,320.0,20480.0,0.00035,0.9547169811320756,88.84666670083999,43.194032194949166,0.8766666666666667,0.1233333333333333,8.44,6.0,7.077174577470871,6.285171102661597,0.155608214849921,42.63819169998169,1027.4243586063385
CNN-PPO,0,21.0,172032.0,336.0,21504.0,0.00035,0.9342995169082126,89.86400005261103,40.6469428362413,0.8766666666666667,0.1233333333333333,8.513333333333334,6.0,7.545627136884573,6.106463878326996,0.0434612372748629,38.91755175590515,1066.9079718589785
CNN-PPO,0,22.0,180224.0,352.0,22528.0,0.00035,0.9474689589302768,91.49800001939138,40.01256045401112,0.8966666666666666,0.1033333333333333,8.28,6.0,6.8270247301929885,6.412639405204461,0.143317230273752,36.0095489025116,1103.146996974945
CNN-PPO,0,23.0,188416.0,368.0,23552.0,0.00035,0.9718181818181818,97.97666667699814,30.529597472469213,0.9466666666666668,0.0533333333333333,7.376666666666667,6.0,5.57567235606812,6.496478873239437,0.0930863081789426,36.54442286491394,1139.98437333107
CNN-PPO,0,24.0,196608.0,384.0,24576.0,0.00035,0.9813242784380306,95.0193333554268,35.18236806224929,0.92,0.0799999999999999,7.396666666666666,5.0,6.014924955660065,6.061594202898551,0.1050022532672375,36.95867013931274,1177.198563337326
CNN-PPO,0,25.0,204800.0,400.0,25600.0,0.00035,0.9670138888888888,95.33233335097631,34.97430274408855,0.9266666666666666,0.0733333333333333,7.376666666666667,5.0,6.263235762944121,6.025179856115108,0.1188431992769995,36.69490432739258,1214.1225962638855
CNN-PPO,0,26.0,212992.0,416.0,26624.0,0.00035,0.9714285714285714,95.9326666800181,33.79510710317916,0.9266666666666666,0.0733333333333333,7.196666666666666,5.0,5.948500277847818,5.953237410071942,0.1018990273274664,35.64716601371765,1250.1173822879791
CNN-PPO,0,27.0,221184.0,432.0,27648.0,0.00035,0.9663503019844694,102.24100001176198,18.809074502491,0.9733333333333334,0.0266666666666666,6.433333333333334,5.0,4.9482881439499415,5.921232876712328,0.0134715025906735,34.39655947685242,1284.7663433551788
CNN-PPO,0,28.0,229376.0,448.0,28672.0,0.00035,0.9791840133222316,99.74700000603994,26.34014598226477,0.9566666666666668,0.0433333333333333,6.726666666666667,5.0,5.564047287921107,5.898954703832753,0.0659068384539147,34.62893009185791,1319.6739251613617
CNN-PPO,0,29.0,237568.0,464.0,29696.0,0.00035,0.969439728353141,99.3363333495458,25.540556842713844,0.95,0.05,6.773333333333333,5.0,5.917371788969229,5.733333333333333,0.0295275590551181,34.382262229919434,1354.3055684566498
CNN-PPO,0,30.0,245760.0,480.0,30720.0,0.00035,0.9781199351701784,99.64366667350131,26.549846061660045,0.9566666666666668,0.0433333333333333,6.47,5.0,5.179681457387123,5.7177700348432055,0.0731581658938691,35.172877073287964,1389.7281141281128
CNN-PPO,0,31.0,253952.0,496.0,31744.0,0.00035,0.9858712715855572,100.51166667779286,24.58864159494166,0.9633333333333334,0.0366666666666666,6.223333333333334,5.0,4.812496464645166,5.622837370242214,0.0615961435457953,40.39272952079773,1430.4626936912537
CNN-PPO,0,32.0,262144.0,512.0,32768.0,0.00035,0.991564417177914,99.69066667715708,27.64825331887497,0.96,0.04,6.293333333333333,5.0,4.955867454061117,5.65625,0.1011652542372881,40.59245800971985,1471.3005402088163
CNN-PPO,0,33.0,270336.0,528.0,33792.0,0.00035,0.991130820399113,102.61333334207536,18.31571696706068,0.98,0.02,5.883333333333334,5.0,4.3668893073012764,5.571428571428571,0.0328611898016997,40.3136203289032,1511.8369727134705
CNN-PPO,0,34.0,278528.0,544.0,34816.0,0.00035,0.9813953488372092,101.68533334970476,20.03539657598429,0.97,0.03,6.193333333333333,5.0,4.893119886352901,5.628865979381444,0.0096878363832077,41.90955328941345,1554.020835161209
CNN-PPO,0,35.0,286720.0,560.0,35840.0,0.00035,0.9899923017705928,100.98266667127608,24.450872497970792,0.97,0.03,6.243333333333333,5.0,4.902800786851895,5.694158075601375,0.0832888414308595,41.02308678627014,1595.27863073349
CNN-PPO,0,36.0,294912.0,576.0,36864.0,0.00035,0.9955089820359282,102.89200000445048,17.763905419640505,0.9833333333333332,0.0166666666666667,5.873333333333333,5.0,4.645136046327264,5.515254237288136,0.0402951191827468,41.48122215270996,1637.107789993286
CNN-PPO,0,37.0,303104.0,592.0,37888.0,0.00035,0.9943100995732574,100.47500000794729,25.53111320025441,0.9666666666666668,0.0333333333333333,6.333333333333333,5.0,5.260756177162705,5.665517241379311,0.0905263157894736,41.52792716026306,1678.9325358867643
CNN-PPO,0,38.0,311296.0,608.0,38912.0,0.00035,0.993594306049822,100.53266667286556,25.11334570409182,0.9666666666666668,0.0333333333333333,6.02,5.0,4.949033575692666,5.372413793103449,0.0913621262458471,39.90613842010498,1719.2800133228302
CNN-PPO,0,39.0,319488.0,624.0,39936.0,0.00035,0.984081041968162,102.01733333985013,20.146762339994872,0.9766666666666668,0.0233333333333333,5.746666666666667,5.0,4.478372720332937,5.296928327645051,0.0562645011600928,39.371559143066406,1758.881114244461
CNN-PPO,0,40.0,327680.0,640.0,40960.0,0.00035,0.9909407665505228,98.03566667318344,30.68425265181824,0.95,0.05,6.35,4.5,5.979478795569616,5.2140350877192985,0.1433070866141732,40.57775902748108,1799.6950733661652
GNN-maxpool-PPO,0,1.0,8192.0,16.0,1024.0,0.00035,0.2625698324022346,-43.65799998362859,30.4141661479608,0.0366666666666666,0.9633333333333334,25.036666666666665,26.0,6.057666400704336,2.727272727272727,0.9408866995073892,32.187724351882935,32.18772768974304
GNN-maxpool-PPO,0,2.0,16384.0,32.0,2048.0,0.00035,0.2155172413793103,-45.74233327547709,17.8653941457586,0.01,0.99,25.75333333333333,26.0,4.954374049486193,1.0,0.884804556044525,35.392775774002075,68.07870554924011
GNN-maxpool-PPO,0,3.0,24576.0,48.0,3072.0,0.00035,0.1759530791788856,-41.97366661945978,30.891067847300494,0.04,0.96,25.25333333333333,26.0,6.2141630347314045,2.6666666666666665,0.8969112988384371,86.71313285827637,154.97243070602417
GNN-maxpool-PPO,0,4.0,32768.0,64.0,4096.0,0.00035,0.2102272727272727,-41.97366661945978,30.891067847300494,0.04,0.96,25.25333333333333,26.0,6.2141630347314045,2.6666666666666665,0.8969112988384371,33.10636854171753,188.4421157836914
GNN-maxpool-PPO,0,5.0,40960.0,80.0,5120.0,0.00035,0.1632653061224489,-43.17599994977315,27.259779107126324,0.03,0.97,25.42,26.0,5.888712366327067,1.8888888888888888,0.8947023341201154,34.81286549568176,223.45811772346497
GNN-maxpool-PPO,0,6.0,49152.0,96.0,6144.0,0.00035,0.2215909090909091,-41.97366661945978,30.891067847300494,0.04,0.96,25.25333333333333,26.0,6.2141630347314045,2.6666666666666665,0.8969112988384371,33.34594225883484,257.00891494750977
GNN-maxpool-PPO,0,7.0,57344.0,112.0,7168.0,0.00035,0.1737891737891738,-42.864999944369,28.673895351802265,0.0333333333333333,0.9666666666666668,25.37,26.0,5.97269620858118,2.3,0.8902903692024701,72.23524022102356,329.4462161064148
GNN-maxpool-PPO,0,8.0,65536.0,128.0,8192.0,0.00035,0.1831395348837209,-42.34666661818822,29.995054401445984,0.0366666666666666,0.9633333333333334,25.296666666666667,26.0,6.117351460304442,2.4545454545454546,0.8948478060350508,94.6016926765442,424.25971937179565
GNN-maxpool-PPO,0,9.0,73728.0,144.0,9216.0,0.00035,0.1959654178674351,-40.305333185990655,29.70100181780859,0.0333333333333333,0.9666666666666668,25.41,26.0,5.942662141947271,2.5,0.8040141676505312,33.062986850738525,457.5361270904541
GNN-maxpool-PPO,0,10.0,81920.0,160.0,10240.0,0.00035,0.1771771771771771,-40.20033318201701,28.49705313730123,0.03,0.97,25.46333333333333,26.0,5.7817519451767865,3.2222222222222223,0.7948684382772614,32.69668126106262,490.4293241500855
GNN-maxpool-PPO,0,11.0,90112.0,176.0,11264.0,0.00035,0.1834319526627219,-44.26566661675771,24.540816087290168,0.0233333333333333,0.9766666666666668,25.563333333333333,26.0,5.511139224838686,2.4285714285714284,0.89411918111879,33.129417181015015,523.7664468288422
GNN-maxpool-PPO,0,12.0,98304.0,192.0,12288.0,0.00035,0.2367688022284122,-42.92499994039535,28.90010856565224,0.0333333333333333,0.9666666666666668,25.37,26.0,5.929567156771788,2.9,0.8884509262908947,33.40334939956665,557.3778874874115
GNN-maxpool-PPO,0,13.0,106496.0,208.0,13312.0,0.00035,0.1730205278592375,-41.580333285331726,32.0427274025631,0.0433333333333333,0.9566666666666668,25.216666666666665,26.0,6.306323986461703,2.769230769230769,0.8963648380700595,32.482232093811035,590.0753517150879
GNN-maxpool-PPO,0,14.0,114688.0,224.0,14336.0,0.00035,0.1773255813953488,-39.817666548887885,27.40774570791136,0.0266666666666666,0.9733333333333334,25.536666666666665,26.0,5.651724417280879,2.5,0.7569507897141365,33.293375730514526,623.5873215198517
GNN-maxpool-PPO,0,15.0,122880.0,240.0,15360.0,0.00035,0.1141141141141141,-40.48633321285248,30.364437247785336,0.0366666666666666,0.9633333333333334,25.313333333333333,26.0,6.135293165140702,2.090909090909091,0.8323676586779036,31.41767883300781,655.2103688716888
GNN-maxpool-PPO,0,16.0,131072.0,256.0,16384.0,0.00035,0.1390532544378698,-41.39533328930537,31.02889692862304,0.04,0.96,25.25333333333333,26.0,6.2141630347314045,2.6666666666666665,0.8901795142555439,32.222065687179565,687.6436939239502
GNN-maxpool-PPO,0,17.0,139264.0,272.0,17408.0,0.00035,0.1831395348837209,-40.23433320124944,26.18444815549057,0.0233333333333333,0.9766666666666668,25.593333333333334,26.0,5.498601842488891,2.571428571428572,0.755665537900495,33.69241404533386,721.5490095615387
GNN-maxpool-PPO,0,18.0,147456.0,288.0,18432.0,0.00035,0.2285714285714285,-42.33566655238469,25.595935176782973,0.0233333333333333,0.9766666666666668,25.543333333333333,26.0,5.607862535959866,1.5714285714285714,0.8252642568184784,35.09580659866333,756.8761782646179
GNN-maxpool-PPO,0,19.0,155648.0,304.0,19456.0,0.00035,0.2193732193732193,-42.97066659450531,26.637739027479327,0.0266666666666666,0.9733333333333334,25.486666666666668,26.0,5.757588229651563,1.625,0.8688202981951347,34.72971272468567,791.8202295303345
GNN-maxpool-PPO,0,20.0,163840.0,320.0,20480.0,0.00035,0.1860465116279069,-41.385999893347424,25.590203983418355,0.0233333333333333,0.9766666666666668,25.543333333333333,26.0,5.607862535959866,1.5714285714285714,0.7896385227717604,33.482654094696045,825.5080044269562
GNN-maxpool-PPO,0,21.0,172032.0,336.0,21504.0,0.00035,0.1826086956521739,-42.05966661055883,29.935773574272,0.0366666666666666,0.9633333333333334,25.29,26.0,6.002713275400272,3.272727272727273,0.8853301700276789,19.96194648742676,845.978141784668
GNN-maxpool-PPO,0,22.0,180224.0,352.0,22528.0,0.00035,0.1976401179941003,-41.12899994929632,32.18893068509118,0.0433333333333333,0.9566666666666668,25.17,26.0,6.256284840062831,3.4615384615384617,0.8866375314527877,20.33741068840027,866.5154786109924
GNN-maxpool-PPO,0,23.0,188416.0,368.0,23552.0,0.00035,0.247191011235955,-41.06266661564509,32.31401974992899,0.0433333333333333,0.9566666666666668,25.22,26.0,6.158322282353639,4.076923076923077,0.8842188739095955,19.94843101501465,886.6953356266022
GNN-maxpool-PPO,0,24.0,196608.0,384.0,24576.0,0.00035,0.2349570200573066,-40.65099994977315,33.256331205779645,0.0466666666666666,0.9533333333333334,25.10333333333333,26.0,6.373851966345695,3.5,0.8864692603903864,20.154489517211918,907.0721650123596
GNN-maxpool-PPO,0,25.0,204800.0,400.0,25600.0,0.00035,0.2354651162790697,-40.24299995422364,34.34965284494264,0.05,0.95,25.06,26.0,6.51841494025452,3.2666666666666666,0.8828145783453046,19.355626106262207,926.6417484283448
GNN-maxpool-PPO,0,26.0,212992.0,416.0,26624.0,0.00035,0.2742382271468144,-40.36633327563604,34.09263213686896,0.05,0.95,25.14333333333333,26.0,6.441230903760209,3.533333333333333,0.8841309823677582,19.159440517425537,946.006538629532
GNN-maxpool-PPO,0,27.0,221184.0,432.0,27648.0,0.00035,0.2676056338028169,-41.55033329089483,33.054551369224015,0.0466666666666666,0.9533333333333334,25.166666666666668,26.0,6.36858609809814,3.357142857142857,0.9041059602649006,19.47417664527893,965.6860094070436
GNN-maxpool-PPO,0,28.0,229376.0,448.0,28672.0,0.00035,0.2570621468926554,-41.60299994468689,30.956951140583435,0.04,0.96,25.26,26.0,6.214960445033688,2.583333333333333,0.8866455529163367,19.3627827167511,985.2461314201356
GNN-maxpool-PPO,0,29.0,237568.0,464.0,29696.0,0.00035,0.245014245014245,-41.64399994929632,31.0480519581466,0.04,0.96,25.246666666666663,26.0,6.122566636813536,3.5,0.8873778716662266,19.68327522277832,1005.130007982254
GNN-maxpool-PPO,0,30.0,245760.0,480.0,30720.0,0.00035,0.2155172413793103,-42.02199995040893,29.890511020529427,0.0366666666666666,0.9633333333333334,25.286666666666665,26.0,6.0507152928852594,3.1818181818181817,0.8872923807012919,19.16837787628174,1024.5217952728271
GNN-maxpool-PPO,0,31.0,253952.0,496.0,31744.0,0.00035,0.2513966480446927,-41.898666604359946,30.13758337145133,0.0366666666666666,0.9633333333333334,25.31,26.0,6.083904995970926,2.636363636363636,0.8759383642828922,18.95234203338623,1043.7150211334229
GNN-maxpool-PPO,0,32.0,262144.0,512.0,32768.0,0.00035,0.2668539325842696,-40.680999952157336,33.23378309176788,0.0466666666666666,0.9533333333333334,25.12,26.0,6.394184858134772,3.357142857142857,0.8870753715498938,21.938558340072632,1065.8647725582125
GNN-maxpool-PPO,0,33.0,270336.0,528.0,33792.0,0.00035,0.2618384401114206,-41.592999961376194,33.088798467550234,0.0466666666666666,0.9533333333333334,25.12,26.0,6.393663529881232,3.2142857142857144,0.9075106157112528,23.84558892250061,1089.9102187156675
GNN-maxpool-PPO,0,34.0,278528.0,544.0,34816.0,0.00035,0.1982507288629737,-43.93733328978221,27.02274855450576,0.03,0.97,25.42333333333333,26.0,5.886492069890937,1.6666666666666667,0.9066474367379048,26.766798496246334,1116.876861333847
GNN-maxpool-PPO,0,35.0,286720.0,560.0,35840.0,0.00035,0.2401129943502825,-42.87166661977768,28.47657453048059,0.0333333333333333,0.9666666666666668,25.383333333333333,26.0,5.956765527998861,2.4,0.8948128693368352,30.25957202911377,1147.3434019088745
GNN-maxpool-PPO,0,36.0,294912.0,576.0,36864.0,0.00035,0.2597765363128491,-41.14766661723455,32.2697767932033,0.0433333333333333,0.9566666666666668,25.17333333333333,26.0,6.266574467406858,3.4615384615384617,0.885990466101695,30.99363732337952,1178.5834119319916
GNN-maxpool-PPO,0,37.0,303104.0,592.0,37888.0,0.00035,0.2782369146005509,-41.63733329852422,33.0951175542212,0.0466666666666666,0.9533333333333334,25.12,26.0,6.41084497810806,3.142857142857143,0.9080414012738852,31.89676713943481,1210.6863462924955
GNN-maxpool-PPO,0,38.0,311296.0,608.0,38912.0,0.00035,0.21875,-41.81233330806096,34.21542947899306,0.05,0.95,25.07,26.0,6.546126080871546,2.933333333333333,0.921287062890573,19.556121826171875,1230.6698529720306
GNN-maxpool-PPO,0,39.0,319488.0,624.0,39936.0,0.00035,0.2478632478632478,-42.059999964237214,32.03645006930343,0.0433333333333333,0.9566666666666668,25.17333333333333,26.0,6.28357293972855,3.230769230769231,0.9082362288135594,19.59927487373352,1250.478309392929
GNN-maxpool-PPO,0,40.0,327680.0,640.0,40960.0,0.00035,0.2618384401114206,-43.69533328294754,26.150057580670865,0.0266666666666666,0.9733333333333334,25.476666666666667,26.0,5.685313438051493,2.625,0.8914038989925422,18.7176525592804,1269.4232087135315
GNN-dirGCN-max-PPO,0,1.0,8192.0,16.0,1024.0,0.00035,0.2307692307692307,-41.91866664330165,34.68870879592163,0.05,0.95,24.91333333333333,26.0,6.585273131937826,2.333333333333333,0.9365801445009366,90.24011540412904,90.24011826515198
GNN-dirGCN-max-PPO,0,2.0,16384.0,32.0,2048.0,0.00035,0.3952254641909814,-29.81199996471405,47.99786027281824,0.11,0.89,23.71,26.0,7.997034867165871,4.454545454545454,0.8568817657809644,106.29099583625792,197.02714228630063
GNN-dirGCN-max-PPO,0,3.0,24576.0,48.0,3072.0,0.00035,0.7225433526011561,29.07100001811981,75.61559357946011,0.5033333333333333,0.4966666666666667,15.733333333333333,14.5,11.465988352030054,4.900662251655629,0.7472457627118644,111.03583788871764,308.2731657028198
GNN-dirGCN-max-PPO,0,4.0,32768.0,64.0,4096.0,0.00035,0.8362573099415205,72.46933338483174,58.96430209122868,0.7766666666666666,0.2233333333333333,10.87,7.0,9.078900447374304,6.549356223175966,0.3462128181539405,101.71868419647215,410.3216371536255
GNN-dirGCN-max-PPO,0,5.0,40960.0,80.0,5120.0,0.00035,0.9118727050183598,82.24233335812886,51.83056023380343,0.85,0.15,9.886666666666668,7.0,8.215868115353903,7.0549019607843135,0.3118678354686446,106.977787733078,517.487795829773
GNN-dirGCN-max-PPO,0,6.0,49152.0,96.0,6144.0,0.00035,0.9019108280254776,91.0066667207082,38.916390122033626,0.9066666666666666,0.0933333333333333,9.273333333333332,7.0,7.311084430886813,7.444852941176471,0.1319194823867721,103.76249122619627,621.4533376693726
GNN-dirGCN-max-PPO,0,7.0,57344.0,112.0,7168.0,0.00035,0.9257950530035336,83.31566670656204,49.44348206528584,0.8533333333333334,0.1466666666666666,10.19,7.0,8.16418397636898,7.3515625,0.2335623159960745,99.87248420715332,721.5254280567169
GNN-dirGCN-max-PPO,0,8.0,65536.0,128.0,8192.0,0.00035,0.9642502482621648,96.18200003147123,30.99909253179176,0.93,0.0699999999999999,7.7,6.0,6.603786792439623,6.240143369175628,0.0259740259740259,96.35048818588255,818.069338798523
GNN-dirGCN-max-PPO,0,9.0,73728.0,144.0,9216.0,0.00035,0.952191235059761,98.97866669178008,26.584273711246013,0.9533333333333334,0.0466666666666666,7.516666666666667,6.0,5.823205493731286,6.608391608391608,0.0394678492239467,99.87941074371338,918.1587209701538
GNN-dirGCN-max-PPO,0,10.0,81920.0,160.0,10240.0,0.00035,0.9856759176365264,104.1050000111262,11.1088766911192,0.9933333333333332,0.0066666666666667,6.366666666666666,6.0,4.259760034973279,6.251677852348993,0.0120418848167539,97.25811219215392,1015.639633655548
GNN-dirGCN-max-PPO,0,11.0,90112.0,176.0,11264.0,0.000245,0.9856175972927242,101.6596666844686,20.54174781664316,0.97,0.03,6.583333333333333,5.0,5.289271111305308,5.9553264604811,0.0116455696202531,95.09623098373412,1110.946046113968
GNN-dirGCN-max-PPO,0,12.0,98304.0,192.0,12288.0,0.000245,0.991283676703645,102.46133333921432,19.38361603265186,0.98,0.02,6.02,5.0,4.779079409258649,5.605442176870748,0.0420819490586932,94.8804247379303,1206.007640838623
GNN-dirGCN-max-PPO,0,13.0,106496.0,208.0,13312.0,0.000245,0.9955290611028316,104.25933333476384,12.176507964845737,0.9933333333333332,0.0066666666666667,5.4,5.0,3.8583243340427806,5.25503355704698,0.0253086419753086,94.42181253433228,1300.629401922226
GNN-dirGCN-max-PPO,0,14.0,114688.0,224.0,14336.0,0.0001715,0.9957894736842106,103.91700000445049,12.465587704571009,0.99,0.01,5.54,5.0,4.362155430518266,5.299663299663299,0.0102286401925391,91.37127757072447,1392.2083535194397
GNN-dirGCN-max-PPO,0,15.0,122880.0,240.0,15360.0,0.0001715,0.9958762886597938,103.57266667048135,15.23830214369614,0.9866666666666668,0.0133333333333333,5.44,4.0,4.230019700505739,5.16554054054054,0.025735294117647,91.516699552536,1483.9137499332428
GNN-dirGCN-max-PPO,0,16.0,131072.0,256.0,16384.0,0.0001715,0.9967298888162196,104.97400000254314,7.389658779502753,0.9966666666666668,0.0033333333333332,5.136666666666667,4.0,3.606196827068034,5.073578595317726,0.0,92.6067247390747,1576.7434947490692
GNN-dirGCN-max-PPO,0,17.0,139264.0,272.0,17408.0,0.0001200499999999,0.9966909331568498,105.34766666730243,2.620323368285358,1.0,0.0,5.003333333333333,4.0,3.3381615033161927,5.003333333333333,0.0,93.10708594322205,1670.0568590164185
GNN-dirGCN-max-PPO,0,18.0,147456.0,288.0,18432.0,8.403499999999999e-05,0.99935107073329,105.35766666730244,2.611852705676528,1.0,0.0,4.953333333333333,4.0,3.300175079530714,4.953333333333333,0.0,92.83543610572816,1763.128277540207
GNN-dirGCN-max-PPO,0,19.0,155648.0,304.0,19456.0,5.882449999999999e-05,0.9993585631815266,104.91133333365124,9.22473513016016,0.9966666666666668,0.0033333333333332,4.966666666666667,4.0,3.301346526629534,4.903010033444816,0.0161073825503355,95.468603849411,1858.7999556064608
GNN-dirGCN-max-PPO,0,20.0,163840.0,320.0,20480.0,4.117714999999999e-05,0.9993698802772528,105.39800000111262,2.596432681127087,1.0,0.0,5.0,4.0,3.350621832834417,5.0,0.0,91.74729132652284,1950.7348363399503
GNN-dirGCN-max-PPO,0,21.0,172032.0,336.0,21504.0,2.8824004999999997e-05,0.9993548387096776,105.38766666730244,2.613251082296259,1.0,0.0,4.88,4.0,3.110026795168599,4.88,0.0,100.44731187820436,2051.6007499694824
GNN-dirGCN-max-PPO,0,22.0,180224.0,352.0,22528.0,2.01768035e-05,0.9993714644877436,104.91700000047685,9.225201587608469,0.9966666666666668,0.0033333333333332,4.94,4.0,3.2999595957122465,4.876254180602007,0.0161943319838056,99.9827983379364,2151.7743792533875
GNN-dirGCN-max-PPO,0,23.0,188416.0,368.0,23552.0,1.4123762449999997e-05,0.9987460815047022,105.43300000031788,2.62245641805754,1.0,0.0,4.86,4.0,3.058387374636073,4.86,0.0,99.84568452835084,2251.853026866913
GNN-dirGCN-max-PPO,0,24.0,196608.0,384.0,24576.0,9.886633714999996e-06,0.9987333755541482,105.43633333365122,2.652868865994815,1.0,0.0,4.873333333333333,4.0,3.072017071711824,4.873333333333333,0.0,100.87001705169678,2352.924795150757
GNN-dirGCN-max-PPO,0,25.0,204800.0,400.0,25600.0,6.920643600499998e-06,1.0,105.4206666668256,2.6359387109764167,1.0,0.0,4.873333333333333,4.0,3.076354263662681,4.873333333333333,0.0,102.8704047203064,2455.9855546951294
GNN-dirGCN-max-PPO,0,26.0,212992.0,416.0,26624.0,4.844450520349998e-06,1.0,105.45300000031789,2.6336712648440264,1.0,0.0,4.86,4.0,3.026615271222955,4.86,0.0,104.03674840927124,2560.2531175613403
GNN-dirGCN-max-PPO,0,27.0,221184.0,432.0,27648.0,3.391115364244998e-06,0.9993597951344432,104.95700000047684,8.952544386839108,0.9966666666666668,0.0033333333333332,4.95,4.0,3.2752862470324637,4.882943143812709,0.0154882154882154,103.34575653076172,2663.846235275269
GNN-dirGCN-max-PPO,0,28.0,229376.0,448.0,28672.0,2.373780754971499e-06,0.9993682880606444,105.44966666698456,2.630443540575646,1.0,0.0,4.866666666666666,4.0,3.057595278791634,4.866666666666666,0.0,102.68532228469849,2766.723577976227
GNN-dirGCN-max-PPO,0,29.0,237568.0,464.0,29696.0,1.661646528480049e-06,0.99937106918239,105.44966666698456,2.6348750546258306,1.0,0.0,4.87,4.0,3.057193702291913,4.87,0.0,101.43502616882324,2868.389829397201
GNN-dirGCN-max-PPO,0,30.0,245760.0,480.0,30720.0,1.1631525699360342e-06,1.0,105.46300000031788,2.643936017492123,1.0,0.0,4.87,4.0,3.038601652076165,4.87,0.0,101.08352255821228,2969.674783945084
GNN-dirGCN-max-PPO,0,31.0,253952.0,496.0,31744.0,1e-06,0.99937106918239,105.45633333365124,2.631829506918188,1.0,0.0,4.8566666666666665,4.0,3.0445780587062563,4.8566666666666665,0.0,100.22211122512816,3070.109840631485
GNN-dirGCN-max-PPO,0,32.0,262144.0,512.0,32768.0,1e-06,1.0,105.45966666698456,2.640733462534563,1.0,0.0,4.87,4.0,3.044081689661651,4.87,0.0,99.44187140464784,3169.761488199234
GNN-dirGCN-max-PPO,0,33.0,270336.0,528.0,33792.0,1e-06,0.9993746091307066,105.46966666698457,2.640867260354085,1.0,0.0,4.866666666666666,4.0,3.051047179066376,4.866666666666666,0.0,101.61287188529968,3271.5687441825867
GNN-dirGCN-max-PPO,0,34.0,278528.0,544.0,34816.0,1e-06,0.9993638676844784,104.98133333365122,8.955459315623472,0.9966666666666668,0.0033333333333332,4.93,4.0,3.2503999753876447,4.862876254180602,0.015551048005409,98.60185170173644,3370.384795188904
GNN-dirGCN-max-PPO,0,35.0,286720.0,560.0,35840.0,1e-06,0.999354422207876,105.46633333365122,2.6326095836917296,1.0,0.0,4.86,4.0,3.049655718273786,4.86,0.0,99.46502089500429,3470.071199655533
GNN-dirGCN-max-PPO,0,36.0,294912.0,576.0,36864.0,1e-06,0.9987654320987654,104.97466666698456,8.955070717408738,0.9966666666666668,0.0033333333333332,4.933333333333334,4.0,3.241741644377122,4.866220735785953,0.0155405405405405,97.57444858551024,3567.8757586479187
GNN-dirGCN-max-PPO,0,37.0,303104.0,592.0,37888.0,1e-06,0.9981458590852904,104.97466666698456,8.955070717408738,0.9966666666666668,0.0033333333333332,4.926666666666667,4.0,3.225102926867434,4.8595317725752505,0.0155615696887686,95.22710871696472,3663.318565607071
GNN-dirGCN-max-PPO,0,38.0,311296.0,608.0,38912.0,1e-06,0.9993593850096092,105.46633333365122,2.6414579093395014,1.0,0.0,4.85,4.0,3.0222783900009387,4.85,0.0,89.42882776260376,3753.1444120407104
GNN-dirGCN-max-PPO,0,39.0,319488.0,624.0,39936.0,1e-06,0.999375390381012,105.46300000031788,2.640151068517123,1.0,0.0,4.836666666666667,4.0,2.9994425407991328,4.836666666666667,0.0,103.9613025188446,3857.31956076622
GNN-dirGCN-max-PPO,0,40.0,327680.0,640.0,40960.0,1e-06,1.0,105.44533333381015,2.6306675110572466,1.0,0.0,4.84,4.0,3.0223169919781743,4.84,0.0,104.45035886764526,3961.994857788086
GNN-GCN-role-PPO,0,1.0,8192.0,16.0,1024.0,0.00035,0.2570621468926554,-43.65799998362859,30.4141661479608,0.0366666666666666,0.9633333333333334,25.036666666666665,26.0,6.057666400704336,2.727272727272727,0.9408866995073892,34.524850606918335,34.5248544216156
GNN-GCN-role-PPO,0,2.0,16384.0,32.0,2048.0,0.00035,0.2309859154929577,-46.48433327595393,18.54977958597247,0.01,0.99,25.813333333333333,26.0,4.909021174214763,1.0,0.8867510330578512,34.385257720947266,72.06556820869446
GNN-GCN-role-PPO,0,3.0,24576.0,48.0,3072.0,0.00035,0.2371428571428571,-43.02766660610835,28.72544170278369,0.0333333333333333,0.9666666666666668,25.39333333333333,26.0,5.837689801815632,3.5,0.8882908899973746,30.9594304561615,103.20754504203796
GNN-GCN-role-PPO,0,4.0,32768.0,64.0,4096.0,0.00035,0.1768115942028985,-43.31599994977315,27.345330074675932,0.03,0.97,25.44333333333333,26.0,5.760797591383409,2.888888888888889,0.8953229398663697,29.469805479049683,133.01425504684448
GNN-GCN-role-PPO,0,5.0,40960.0,80.0,5120.0,0.00035,0.2659279778393352,-43.8873332842191,27.34271820976499,0.03,0.97,25.44333333333333,26.0,5.760797591383409,2.888888888888889,0.9041006157474124,30.196455717086792,163.40747666358948
GNN-GCN-role-PPO,0,6.0,49152.0,96.0,6144.0,0.00035,0.1930835734870317,-43.20633328040441,28.682521845375334,0.0333333333333333,0.9666666666666668,25.406666666666663,26.0,5.779384819242346,4.3,0.8977958541065337,29.195785999298096,192.7973494529724
GNN-GCN-role-PPO,0,7.0,57344.0,112.0,7168.0,0.00035,0.2684931506849315,-42.75299993515014,27.503319037293554,0.03,0.97,25.433333333333334,26.0,5.788398358402397,2.6666666666666665,0.8760157273918742,31.036566495895386,224.0236229896545
GNN-GCN-role-PPO,0,8.0,65536.0,128.0,8192.0,0.00035,0.2464985994397759,-42.45866659561793,27.69038266612494,0.03,0.97,25.44333333333333,26.0,5.760797591383409,2.888888888888889,0.8659766802043757,30.90233039855957,255.18182492256165
GNN-GCN-role-PPO,0,9.0,73728.0,144.0,9216.0,0.00035,0.2841823056300268,-47.54633330186208,17.348306938201716,0.01,0.99,25.813333333333333,26.0,4.909021174214763,1.0,0.918388429752066,29.848838567733765,285.24853587150574
GNN-GCN-role-PPO,0,10.0,81920.0,160.0,10240.0,0.00035,0.2190201729106628,-42.29299998680751,33.55234096557885,0.0466666666666666,0.9533333333333334,24.906666666666663,26.0,6.444477394551779,2.7142857142857144,0.9358940042826552,30.49512529373169,315.94077491760254
GNN-GCN-role-PPO,0,11.0,90112.0,176.0,11264.0,0.00035,0.2080924855491329,-40.2503333067894,36.69446233719982,0.0566666666666666,0.9433333333333334,24.656666666666663,26.0,6.71804452368561,3.117647058823529,0.9230769230769232,29.59760999679565,345.75367498397827
GNN-GCN-role-PPO,0,12.0,98304.0,192.0,12288.0,0.00035,0.2774725274725275,-40.723666644096376,35.524808326294284,0.0533333333333333,0.9466666666666668,24.766666666666666,26.0,6.616057906504615,3.125,0.9211305518169582,30.070714235305783,376.0364167690277
GNN-GCN-role-PPO,0,13.0,106496.0,208.0,13312.0,0.00035,0.2338028169014084,-39.73599998315176,38.470251320123566,0.0633333333333333,0.9366666666666666,24.576666666666668,26.0,6.886517423358647,3.263157894736842,0.9244540892445408,30.75335001945496,406.98959159851074
GNN-GCN-role-PPO,0,14.0,114688.0,224.0,14336.0,0.00035,0.2493150684931507,-43.100999908447264,28.984159504951503,0.0333333333333333,0.9666666666666668,25.32,26.0,5.987008156555882,2.4,0.8690100052659294,30.02334237098694,437.2178499698639
GNN-GCN-role-PPO,0,15.0,122880.0,240.0,15360.0,0.00035,0.2647887323943662,-42.73999994277954,30.203243782805824,0.0366666666666666,0.9633333333333334,25.266666666666666,26.0,5.850546033396276,4.818181818181818,0.8782321899736147,29.80517339706421,467.2533085346222
GNN-GCN-role-PPO,0,16.0,131072.0,256.0,16384.0,0.00035,0.2479338842975206,-42.14566660086314,30.23658958520937,0.0366666666666666,0.9633333333333334,25.223333333333333,26.0,6.154141333732559,2.1818181818181817,0.8535747323906436,29.04139494895935,496.50199580192566
GNN-GCN-role-PPO,0,17.0,139264.0,272.0,17408.0,0.00035,0.2556179775280899,-41.2326666355133,34.52863352348411,0.05,0.95,24.94,26.0,6.453143936614669,3.2666666666666666,0.9184709970596098,30.880033493041992,527.6196146011353
GNN-GCN-role-PPO,0,18.0,147456.0,288.0,18432.0,0.00035,0.247191011235955,-43.36533328930537,29.767606516038985,0.0366666666666666,0.9633333333333334,25.33333333333333,26.0,5.974017817925294,3.363636363636364,0.9122368421052632,30.53434920310974,558.3755085468292
GNN-GCN-role-PPO,0,19.0,155648.0,304.0,19456.0,0.00035,0.2506963788300835,-43.23066661516825,28.58445485001529,0.0333333333333333,0.9666666666666668,25.39,26.0,5.854733127991403,3.3,0.8996980438492845,29.80733036994934,588.372834444046
GNN-GCN-role-PPO,0,20.0,163840.0,320.0,20480.0,0.00035,0.2142857142857142,-44.37833327849706,26.013035776143447,0.0266666666666666,0.9733333333333334,25.466666666666665,26.0,5.652924513520021,2.75,0.9015706806282724,19.47923755645752,608.2537207603455
GNN-GCN-role-PPO,0,21.0,172032.0,336.0,21504.0,0.00035,0.238095238095238,-44.57666660865148,23.183656363010968,0.02,0.98,25.616666666666667,26.0,5.184244292940765,4.666666666666667,0.8913467794404685,19.30361652374268,627.7536625862122
GNN-GCN-role-PPO,0,22.0,180224.0,352.0,22528.0,0.00035,0.2549019607843137,-43.92366662263871,27.20157972363457,0.03,0.97,25.44333333333333,26.0,5.760797591383409,2.888888888888889,0.907113847766278,19.391210556030277,647.3705489635468
GNN-GCN-role-PPO,0,23.0,188416.0,368.0,23552.0,0.00035,0.2346368715083799,-39.86099994023641,36.054287484684096,0.0566666666666666,0.9433333333333334,24.916666666666668,26.0,6.542404416998047,4.705882352941177,0.8897658862876254,19.3506863117218,666.9469549655914
GNN-GCN-role-PPO,0,24.0,196608.0,384.0,24576.0,0.00035,0.2570621468926554,-39.23433327198028,36.3282799218334,0.0566666666666666,0.9433333333333334,24.87,26.0,6.572652939769958,4.294117647058823,0.8777643747486932,19.40672278404236,686.5606842041016
GNN-GCN-role-PPO,0,25.0,204800.0,400.0,25600.0,0.00035,0.2684931506849315,-40.12366659561793,34.48675310791058,0.05,0.95,24.876666666666665,26.0,6.418316670972919,3.733333333333333,0.8763231944258341,19.68240714073181,706.4319410324097
GNN-GCN-role-PPO,0,26.0,212992.0,416.0,26624.0,0.00035,0.2628571428571428,-44.08233327229818,26.01023108289545,0.0266666666666666,0.9733333333333334,25.506666666666668,26.0,5.638849370414342,2.625,0.8921850496602195,19.215660333633423,725.877598285675
GNN-GCN-role-PPO,0,27.0,221184.0,432.0,27648.0,0.00035,0.2699724517906336,-42.83599994341533,29.77259539816319,0.0366666666666666,0.9633333333333334,25.27,26.0,6.046246769691096,2.636363636363636,0.8993536472760849,19.66481852531433,745.7273235321045
GNN-GCN-role-PPO,0,28.0,229376.0,448.0,28672.0,0.00035,0.2376811594202898,-43.328333255449934,27.83982695900136,0.03,0.97,25.39,26.0,5.801542898229746,2.6666666666666665,0.8857818038597873,19.66284465789795,765.6056842803955
GNN-GCN-role-PPO,0,29.0,237568.0,464.0,29696.0,0.00035,0.2627118644067797,-43.3443332695961,26.248050111393955,0.0266666666666666,0.9733333333333334,25.506666666666668,26.0,5.638849370414342,2.625,0.8791165708311552,19.32902503013611,785.1581411361694
GNN-GCN-role-PPO,0,30.0,245760.0,480.0,30720.0,0.00035,0.2790055248618784,-45.6736666115125,19.769594666604743,0.0133333333333333,0.9866666666666668,25.773333333333333,26.0,5.044001938496411,1.5,0.8898085876875323,19.318647384643555,804.6674497127533
GNN-GCN-role-PPO,0,31.0,253952.0,496.0,31744.0,0.00035,0.2983425414364641,-44.77366659243901,21.75707564696109,0.0166666666666666,0.9833333333333332,25.71,26.0,5.219760530905608,1.6,0.8730714378322313,21.91974258422852,826.7854852676392
GNN-GCN-role-PPO,0,32.0,262144.0,512.0,32768.0,0.00035,0.2900552486187845,-43.615666608015694,26.155755025828967,0.0266666666666666,0.9733333333333334,25.51333333333333,26.0,5.625224933774254,2.625,0.8876404494382022,25.79558825492859,852.7905058860779
GNN-GCN-role-PPO,0,33.0,270336.0,528.0,33792.0,0.00035,0.245014245014245,-44.83066661596298,23.093864825206715,0.02,0.98,25.613333333333333,26.0,5.36629812399158,2.5,0.8996616345653305,26.4515073299408,879.4625804424286
GNN-GCN-role-PPO,0,34.0,278528.0,544.0,34816.0,0.00035,0.2975206611570248,-45.080333282152814,23.04479651462925,0.02,0.98,25.65333333333333,26.0,5.374615231706255,1.6666666666666667,0.8938409563409564,29.26839303970337,908.9254696369172
GNN-GCN-role-PPO,0,35.0,286720.0,560.0,35840.0,0.00035,0.2493074792243767,-45.15499994834264,23.105853692020144,0.02,0.98,25.65,26.0,5.317345829139446,2.5,0.9018843404808315,28.591148376464844,937.7594285011292
GNN-GCN-role-PPO,0,36.0,294912.0,576.0,36864.0,0.00035,0.2126436781609195,-40.69999993244807,32.14799838590582,0.0433333333333333,0.9566666666666668,25.16,26.0,6.253084572166498,3.230769230769231,0.870561738208797,29.695695161819454,967.6626582145692
GNN-GCN-role-PPO,0,37.0,303104.0,592.0,37888.0,0.00035,0.2521246458923513,-42.44233325322469,27.913967393122714,0.03,0.97,25.45,26.0,5.747535703818348,2.888888888888889,0.8599869024230518,28.89897489547729,996.9271659851074
GNN-GCN-role-PPO,0,38.0,311296.0,608.0,38912.0,0.00035,0.3091397849462365,-40.48433327039083,34.09860976057239,0.05,0.95,25.036666666666665,26.0,6.493739720342629,3.1333333333333333,0.8855012648116096,18.593847513198853,1015.9663064479828
GNN-GCN-role-PPO,0,39.0,319488.0,624.0,39936.0,0.00035,0.2485875706214689,-43.99199993213018,26.12324895860669,0.0266666666666666,0.9733333333333334,25.51333333333333,26.0,5.625224933774254,2.625,0.8894695584008362,18.942650318145752,1035.1415202617643
GNN-GCN-role-PPO,0,40.0,327680.0,640.0,40960.0,0.00035,0.2704225352112676,-43.18299994707108,28.58206215848085,0.0333333333333333,0.9666666666666668,25.41,26.0,5.860765024010659,2.9,0.8974157155975337,19.497989892959595,1054.9110345840454
