epoch,timesteps,success_rate,mean_cycles,mean_score,lr_base,epoch_seconds
1,16384,0.094,56.0,-73.077,0.00035,490
2,32768,0.07,57.3,-88.581,0.00035,488
3,49152,0.11199999999999999,55.1,-71.737,0.00035,490
4,65536,0.142,54.0,-70.505,0.00035,491
5,81920,0.158,53.2,-65.607,0.00035,498
6,98304,0.23800000000000002,49.3,-42.912,0.00035,487
7,114688,0.25,48.9,-38.935,0.00035,485
8,131072,0.34600000000000003,44.7,-13.427,0.00035,482
9,147456,0.39,42.0,-8.293,0.00035,483
10,163840,0.47600000000000003,37.9,4.357,0.00035,488
11,180224,0.45799999999999996,38.7,-0.347,0.00035,487
12,196608,0.40399999999999997,41.6,-6.883,0.00035,487
13,212992,0.442,39.7,-2.316,0.00035,481
14,229376,0.52,36.2,14.262,0.00035,479
15,245760,0.63,30.9,38.208,0.00035,481
16,262144,0.586,32.5,33.595,0.00035,472
17,278528,0.594,31.9,38.365,0.00035,482
18,294912,0.69,27.1,53.156,0.00035,469
19,311296,0.612,30.5,44.625,0.00035,473
20,327680,0.848,18.6,81.311,0.00035,459
21,344064,0.92,14.7,98.525,0.00035,456
22,360448,0.9259999999999999,14.4,98.573,0.00035,454
23,376832,0.998,10.4,110.7,0.00035,452
24,393216,0.99,10.1,109.331,0.00035,452
25,409600,0.996,9.6,110.472,0.00035,453
26,425984,0.996,9.3,109.818,0.00035,451
27,442368,0.998,9.3,110.509,0.00035,450
28,458752,0.998,9.5,111.325,0.00035,452
29,475136,0.996,9.1,110.218,0.00035,452
30,491520,0.998,8.3,110.489,0.00035,450
31,507904,0.996,8.4,109.948,0.00035,450
32,524288,1.0,8.1,111.066,0.00024,446
33,540672,0.9940000000000001,7.9,109.697,0.00024,449
34,557056,0.99,8.1,108.894,0.00024,446
35,573440,1.0,7.5,111.063,0.00017,446
36,589824,1.0,7.2,110.925,0.00012,452
37,606208,1.0,7.4,111.1,8.4e-05,451
38,622592,1.0,7.4,111.053,5.9e-05,454
39,638976,0.996,7.7,110.501,5.9e-05,455
40,655360,1.0,7.4,111.08,4.1e-05,458
