epoch,timesteps,ppo_updates,optimizer_steps,learning_rate,train_success_rate,mean_score,std_score,success_rate,failure_rate,mean_cycles,median_cycles,std_cycles,mean_cycles_success,invalid_action_rate,epoch_seconds,elapsed_seconds
1,16384,32,2048,0.00035,0.014084507042253521,-172.45839994192124,97.30725641833972,0.018,0.982,113.776,111.5,50.07248569823551,36.44444444444444,0.819821403459429,1916.3456554412842,1916.345665216446
2,32768,64,4096,0.00035,0.12142857142857143,-115.79539921522141,91.11317724372648,0.028,0.972,113.386,111.0,50.28519666860218,54.214285714285715,0.49025452877780323,1919.6036341190338,3836.5986070632935
3,49152,96,6144,0.00035,0.23417721518987342,-55.02399855232239,95.69923909845413,0.086,0.914,109.09,104.5,49.94506882566086,62.76744186046512,0.15609130076083969,1911.0259919166565,5747.9754428863525
4,65536,128,8192,0.00035,0.310126582278481,-0.8865990233421326,105.53486023663113,0.264,0.736,97.892,94.5,53.07270801457186,53.28787878787879,0.1086094880071916,1897.1649310588837,7645.489948987961
5,81920,160,10240,0.00035,0.36904761904761907,19.693001046180726,101.96971192663406,0.338,0.6619999999999999,93.668,88.0,51.141311832998575,58.5207100591716,0.04765768458811974,1875.6055788993835,9521.453124284744
6,98304,192,12288,0.00035,0.39263803680981596,25.818801101207733,102.55587505209765,0.378,0.622,91.184,86.0,48.40378233154926,63.44973544973545,0.01377434637655729,1865.4820449352264,11387.288469791412
7,114688,224,14336,0.00035,0.3977272727272727,32.58360076141357,114.83245485132112,0.458,0.542,87.938,81.0,48.768577547433146,63.03056768558952,0.10109395255748369,1862.1544766426086,13249.835573196411
8,131072,256,16384,0.00035,0.4319526627218935,35.561001104831696,99.05858604155495,0.418,0.5820000000000001,89.734,84.0,48.50458992713988,61.665071770334926,0.0315376557380703,1866.4079835414886,15116.622141361237
9,147456,288,18432,0.00035,0.44021739130434784,29.79000115633011,114.15645343676759,0.446,0.554,87.554,80.5,52.588697302747484,54.228699551569505,0.08006487424903488,1869.6424477100372,16986.602794885635
10,163840,320,20480,0.00035,0.4756756756756757,38.37840057563782,114.21485772724515,0.458,0.542,85.572,76.0,50.16999916284632,55.60698689956332,0.11816949469452624,1849.9031796455383,18836.827602386475
11,180224,352,22528,0.00035,0.48663101604278075,45.279200605392454,111.27019450280754,0.484,0.516,82.704,75.0,48.7943888577365,53.735537190082646,0.10072064229057845,1852.3722112178802,20689.568295955658
12,196608,384,24576,0.00035,0.46551724137931033,40.887400776863096,105.95771340646398,0.452,0.548,86.298,78.0,50.764999714370134,53.86283185840708,0.05585297457646759,1857.7881798744202,22547.717626810074
13,212992,416,26624,0.00035,0.4519774011299435,43.63780077552796,108.87830464401026,0.498,0.502,84.598,78.0,49.69032497378136,57.670682730923694,0.07555734178112958,1845.1912426948547,24393.286215782166
14,229376,448,28672,0.00035,0.6,52.10520059394837,115.6073896333093,0.576,0.42400000000000004,79.432,73.0,48.901261497020705,56.236111111111114,0.096434686272535,1836.1286022663116,26229.780788183212
15,245760,480,30720,0.00035,0.5645161290322581,75.07980041599274,101.53352829383854,0.622,0.378,76.364,66.5,49.10628782549135,54.60771704180064,0.07859724477502487,1825.319791316986,28055.46515417099
16,262144,512,32768,0.00035,0.6218905472636815,73.34680039310456,106.6565411670845,0.622,0.378,75.552,64.0,49.080824116960386,53.257234726688104,0.09495446844557391,1825.7134897708893,29881.552546024323
17,278528,544,34816,0.00035,0.6086956521739131,71.77420039129257,112.64557386561182,0.638,0.362,75.59,61.0,49.62070031750862,53.60501567398119,0.11244873660537108,1829.4227814674377,31711.34091234207
18,294912,576,36864,0.00035,0.7053140096618358,104.98640018320084,96.18502029824178,0.796,0.20399999999999996,64.93,52.0,46.30176130559182,52.256281407035175,0.1068535345756969,1791.6430044174194,33503.36503815651
19,311296,608,38912,0.00035,0.7183098591549296,90.38140013074874,109.21240261568295,0.746,0.254,69.484,53.0,49.828844497941155,52.15013404825737,0.16688734097058316,1814.860050201416,35318.57161426544
20,327680,640,40960,0.00035,0.7248908296943232,103.30680023431778,92.00992146834201,0.786,0.21399999999999997,67.948,54.0,48.556701864933125,53.0559796437659,0.08338729616765762,1803.2789573669434,37122.16004371643
21,344064,672,43008,0.00035,0.8270042194092827,124.06220013046264,68.26762278031796,0.864,0.136,63.072,52.0,43.56928753147107,54.25231481481482,0.05571410451547438,1782.9756219387054,38905.436158418655
